{
  "alignment": {
    "gates": [
      {
        "braincell_gate": "n",
        "canonical_name": "n",
        "neuron_gate": "n"
      }
    ],
    "time_axis_trimmed_neuron_initial_sample": false
  },
  "braincell": {
    "current": {
      "ix": [
        -0.0,
        -0.0,
        -0.0,
        -0.0
      ]
    },
    "gates": {
      "n": [
        6.088718604727692e-07,
        1.2095775899559264e-06,
        1.8022267118150103e-06,
        2.386927280498683e-06
      ]
    },
    "voltage_mV": [
      -64.99999999999919,
      -64.99999999999837,
      -64.99999999999754,
      -64.99999999999673
    ]
  },
  "case_id": "kv_test_smoke",
  "metrics": {
    "current": {
      "ix": {
        "mae": 0.0,
        "max_abs": 0.0,
        "rel_mae_pct": 0.0,
        "rmse": 0.0
      }
    },
    "gates": {
      "n": {
        "mae": 4.390017705806867e-05,
        "max_abs": 4.478899684196162e-05,
        "rel_mae_pct": 96.69199972879387,
        "rmse": 4.390512147116204e-05
      }
    },
    "voltage": {
      "mae": 0.037499999998370726,
      "max_abs": 0.07499999999674856,
      "rel_mae_pct": 0.05772561092687432,
      "rmse": 0.04677071733249915
    }
  },
  "neuron": {
    "current": {
      "ix": [
        0.0,
        0.0,
        0.0,
        0.0
      ]
    },
    "gates": {
      "n": [
        4.5397868702434395e-05,
        4.539956182092269e-05,
        4.540292913767764e-05,
        4.5407952013982364e-05
      ]
    },
    "voltage_mV": [
      -65.0,
      -64.975,
      -64.94999999999999,
      -64.92499999999998
    ]
  },
  "pair_id": "kv_test",
  "template_family": "single_compartment_channel",
  "template_variant": "hh_fixed_ion",
  "time_ms": [
    0.0,
    0.025,
    0.05,
    0.07500000000000001
  ]
}
