{
  "config_id": "kv_test_cartesian_smoke",
  "failed_cases": [],
  "n_failed_cases": 0,
  "n_success_cases": 72,
  "n_total_cases": 72,
  "observables": {
    "current.ix": {
      "mae_mean": 1.1321616067719528e-06,
      "max_abs_max": 1.9820709138628715e-05,
      "n_cases": 72,
      "rel_mae_pct_mean": 0.11604249093057326,
      "rmse_mean": 1.147020347915147e-06
    },
    "gates.n": {
      "mae_mean": 3.380668025115994e-06,
      "max_abs_max": 8.161706925452483e-05,
      "n_cases": 72,
      "rel_mae_pct_mean": 0.025315985059563853,
      "rmse_mean": 4.200745519555264e-06
    },
    "voltage": {
      "mae_mean": 0.00636631070815819,
      "max_abs_max": 0.025000000095651842,
      "n_cases": 72,
      "rel_mae_pct_mean": 0.17618190368101688,
      "rmse_mean": 0.006932378792361171
    }
  },
  "template_family": "single_compartment_channel",
  "template_variant": "hh_fixed_ion"
}
